Statistique,Estimation,IC_95_inf,IC_95_sup,Unité
Moyenne,88.83740696975404,88.68150667498976,89.02594613287503,ppm
Médiane,66.0,66.0,66.0,ppm
1er pct,7.959999999999999,7.8225,8.0,ppm
25e pct,39.39999999999999,39.4,39.4,ppm
75e pct,107.97999999999999,107.69,108.1,ppm
99e pct,440.0,440.0,440.0,ppm
